Date,Company_ID,Ticker,Market_Cap_Billion_HKD,Market_Cap_Native_Billion,Currency,Close,Source,Updated_At
2026-01-08,zhipu,2513.HK,57.890270,57.890270,HKD,,wind_excel_sheet,2026-05-24T02:32:31Z
2026-01-09,minimax,0100.HK,106.693210,106.693210,HKD,,wind_excel_sheet,2026-05-24T02:32:31Z
2026-01-09,zhipu,2513.HK,69.820510,69.820510,HKD,,wind_excel_sheet,2026-05-24T02:32:31Z
2026-01-12,minimax,0100.HK,123.083760,123.083760,HKD,,wind_excel_sheet,2026-05-24T02:32:31Z
2026-01-12,zhipu,2513.HK,91.743970,91.743970,HKD,,wind_excel_sheet,2026-05-24T02:32:31Z
2026-01-13,minimax,0100.HK,112.878320,112.878320,HKD,,wind_excel_sheet,2026-05-24T02:32:31Z
2026-01-13,zhipu,2513.HK,80.033850,80.033850,HKD,,wind_excel_sheet,2026-05-24T02:32:31Z
2026-01-14,minimax,0100.HK,114.915980,114.915980,HKD,,wind_excel_sheet,2026-05-24T02:32:31Z
2026-01-14,zhipu,2513.HK,95.089720,95.089720,HKD,,wind_excel_sheet,2026-05-24T02:32:31Z
2026-01-15,minimax,0100.HK,112.281440,112.281440,HKD,,wind_excel_sheet,2026-05-24T02:32:31Z
2026-01-15,zhipu,2513.HK,106.095480,106.095480,HKD,,wind_excel_sheet,2026-05-24T02:32:31Z
2026-01-16,minimax,0100.HK,137.372260,137.372260,HKD,,wind_excel_sheet,2026-05-24T02:32:31Z
2026-01-16,zhipu,2513.HK,110.057550,110.057550,HKD,,wind_excel_sheet,2026-05-24T02:32:31Z
2026-01-19,minimax,0100.HK,118.554150,118.554150,HKD,,wind_excel_sheet,2026-05-24T02:32:31Z
2026-01-19,zhipu,2513.HK,98.611560,98.611560,HKD,,wind_excel_sheet,2026-05-24T02:32:31Z
2026-01-20,minimax,0100.HK,122.317770,122.317770,HKD,,wind_excel_sheet,2026-05-24T02:32:31Z
2026-01-20,zhipu,2513.HK,91.303740,91.303740,HKD,,wind_excel_sheet,2026-05-24T02:32:31Z
2026-01-21,minimax,0100.HK,126.959570,126.959570,HKD,,wind_excel_sheet,2026-05-24T02:32:31Z
2026-01-21,zhipu,2513.HK,89.806960,89.806960,HKD,,wind_excel_sheet,2026-05-24T02:32:31Z
2026-01-22,minimax,0100.HK,123.885950,123.885950,HKD,,wind_excel_sheet,2026-05-24T02:32:31Z
2026-01-22,zhipu,2513.HK,89.190640,89.190640,HKD,,wind_excel_sheet,2026-05-24T02:32:31Z
2026-01-23,minimax,0100.HK,117.926880,117.926880,HKD,,wind_excel_sheet,2026-05-24T02:32:31Z
2026-01-23,zhipu,2513.HK,84.524200,84.524200,HKD,,wind_excel_sheet,2026-05-24T02:32:31Z
2026-01-26,minimax,0100.HK,121.063230,121.063230,HKD,,wind_excel_sheet,2026-05-24T02:32:31Z
2026-01-26,zhipu,2513.HK,95.529950,95.529950,HKD,,wind_excel_sheet,2026-05-24T02:32:31Z
2026-01-27,minimax,0100.HK,153.116760,153.116760,HKD,,wind_excel_sheet,2026-05-24T02:32:31Z
2026-01-27,zhipu,2513.HK,102.749730,102.749730,HKD,,wind_excel_sheet,2026-05-24T02:32:31Z
2026-01-28,minimax,0100.HK,153.054030,153.054030,HKD,,wind_excel_sheet,2026-05-24T02:32:31Z
2026-01-28,zhipu,2513.HK,100.372480,100.372480,HKD,,wind_excel_sheet,2026-05-24T02:32:31Z
2026-01-29,minimax,0100.HK,156.817650,156.817650,HKD,,wind_excel_sheet,2026-05-24T02:32:31Z
2026-01-29,zhipu,2513.HK,99.932250,99.932250,HKD,,wind_excel_sheet,2026-05-24T02:32:31Z
2026-01-30,minimax,0100.HK,148.349500,148.349500,HKD,,wind_excel_sheet,2026-05-24T02:32:31Z
2026-01-30,zhipu,2513.HK,99.580070,99.580070,HKD,,wind_excel_sheet,2026-05-24T02:32:31Z
2026-02-02,minimax,0100.HK,164.188080,164.188080,HKD,,wind_excel_sheet,2026-05-24T02:32:31Z
2026-02-02,zhipu,2513.HK,98.875700,98.875700,HKD,,wind_excel_sheet,2026-05-24T02:32:31Z
2026-02-03,minimax,0100.HK,182.222110,182.222110,HKD,,wind_excel_sheet,2026-05-24T02:32:31Z
2026-02-03,zhipu,2513.HK,107.063980,107.063980,HKD,,wind_excel_sheet,2026-05-24T02:32:31Z
2026-02-04,minimax,0100.HK,166.853980,166.853980,HKD,,wind_excel_sheet,2026-05-24T02:32:31Z
2026-02-04,zhipu,2513.HK,100.020300,100.020300,HKD,,wind_excel_sheet,2026-05-24T02:32:31Z
2026-02-05,minimax,0100.HK,152.426760,152.426760,HKD,,wind_excel_sheet,2026-05-24T02:32:31Z
2026-02-05,zhipu,2513.HK,95.177770,95.177770,HKD,,wind_excel_sheet,2026-05-24T02:32:31Z
2026-02-06,minimax,0100.HK,144.585880,144.585880,HKD,,wind_excel_sheet,2026-05-24T02:32:31Z
2026-02-06,zhipu,2513.HK,89.454770,89.454770,HKD,,wind_excel_sheet,2026-05-24T02:32:31Z
2026-02-09,minimax,0100.HK,161.522180,161.522180,HKD,,wind_excel_sheet,2026-05-24T02:32:31Z
2026-02-09,zhipu,2513.HK,123.409370,123.409370,HKD,,wind_excel_sheet,2026-05-24T02:32:31Z
2026-02-10,minimax,0100.HK,169.049430,169.049430,HKD,,wind_excel_sheet,2026-05-24T02:32:31Z
2026-02-10,zhipu,2513.HK,141.688930,141.688930,HKD,,wind_excel_sheet,2026-05-24T02:32:31Z
2026-02-11,minimax,0100.HK,160.894910,160.894910,HKD,,wind_excel_sheet,2026-05-24T02:32:31Z
2026-02-11,zhipu,2513.HK,139.281380,139.281380,HKD,,wind_excel_sheet,2026-05-24T02:32:31Z
2026-02-12,minimax,0100.HK,184.417560,184.417560,HKD,,wind_excel_sheet,2026-05-24T02:32:31Z
2026-02-12,zhipu,2513.HK,179.228920,179.228920,HKD,,wind_excel_sheet,2026-05-24T02:32:31Z
2026-02-13,minimax,0100.HK,213.272010,213.272010,HKD,,wind_excel_sheet,2026-05-24T02:32:31Z
2026-02-13,zhipu,2513.HK,216.233900,216.233900,HKD,,wind_excel_sheet,2026-05-24T02:32:31Z
2026-02-16,minimax,0100.HK,265.649110,265.649110,HKD,,wind_excel_sheet,2026-05-24T02:32:31Z
2026-02-16,zhipu,2513.HK,226.488290,226.488290,HKD,,wind_excel_sheet,2026-05-24T02:32:31Z
2026-02-20,minimax,0100.HK,304.226250,304.226250,HKD,,wind_excel_sheet,2026-05-24T02:32:31Z
2026-02-20,zhipu,2513.HK,323.236240,323.236240,HKD,,wind_excel_sheet,2026-05-24T02:32:31Z
2026-02-23,minimax,0100.HK,263.610480,263.610480,HKD,,wind_excel_sheet,2026-05-24T02:32:31Z
2026-02-23,zhipu,2513.HK,249.672130,249.672130,HKD,,wind_excel_sheet,2026-05-24T02:32:31Z
2026-02-24,minimax,0100.HK,275.999070,275.999070,HKD,,wind_excel_sheet,2026-05-24T02:32:31Z
2026-02-24,zhipu,2513.HK,279.989460,279.989460,HKD,,wind_excel_sheet,2026-05-24T02:32:31Z
2026-02-25,minimax,0100.HK,236.324200,236.324200,HKD,,wind_excel_sheet,2026-05-24T02:32:31Z
2026-02-25,zhipu,2513.HK,249.895050,249.895050,HKD,,wind_excel_sheet,2026-05-24T02:32:31Z
2026-02-26,minimax,0100.HK,247.301440,247.301440,HKD,,wind_excel_sheet,2026-05-24T02:32:31Z
2026-02-26,zhipu,2513.HK,248.111680,248.111680,HKD,,wind_excel_sheet,2026-05-24T02:32:31Z
2026-02-27,minimax,0100.HK,239.460560,239.460560,HKD,,wind_excel_sheet,2026-05-24T02:32:31Z
2026-02-27,zhipu,2513.HK,256.359780,256.359780,HKD,,wind_excel_sheet,2026-05-24T02:32:31Z
2026-03-02,minimax,0100.HK,236.010570,236.010570,HKD,,wind_excel_sheet,2026-05-24T02:32:31Z
2026-03-02,zhipu,2513.HK,245.213700,245.213700,HKD,,wind_excel_sheet,2026-05-24T02:32:31Z
2026-03-03,minimax,0100.HK,257.494590,257.494590,HKD,,wind_excel_sheet,2026-05-24T02:32:31Z
2026-03-03,zhipu,2513.HK,235.405150,235.405150,HKD,,wind_excel_sheet,2026-05-24T02:32:31Z
2026-03-04,minimax,0100.HK,230.521950,230.521950,HKD,,wind_excel_sheet,2026-05-24T02:32:31Z
2026-03-04,zhipu,2513.HK,227.379980,227.379980,HKD,,wind_excel_sheet,2026-05-24T02:32:31Z
2026-03-05,minimax,0100.HK,250.908250,250.908250,HKD,,wind_excel_sheet,2026-05-24T02:32:31Z
2026-03-05,zhipu,2513.HK,231.838410,231.838410,HKD,,wind_excel_sheet,2026-05-24T02:32:31Z
2026-03-06,minimax,0100.HK,252.633240,252.633240,HKD,,wind_excel_sheet,2026-05-24T02:32:31Z
2026-03-06,zhipu,2513.HK,237.188520,237.188520,HKD,,wind_excel_sheet,2026-05-24T02:32:31Z
2026-03-09,minimax,0100.HK,312.694400,312.694400,HKD,,wind_excel_sheet,2026-05-24T02:32:31Z
2026-03-09,zhipu,2513.HK,256.359780,256.359780,HKD,,wind_excel_sheet,2026-05-24T02:32:31Z
2026-03-10,minimax,0100.HK,382.635080,382.635080,HKD,,wind_excel_sheet,2026-05-24T02:32:31Z
2026-03-10,zhipu,2513.HK,289.352170,289.352170,HKD,,wind_excel_sheet,2026-05-24T02:32:31Z
2026-03-11,minimax,0100.HK,357.857890,357.857890,HKD,,wind_excel_sheet,2026-05-24T02:32:31Z
2026-03-11,zhipu,2513.HK,271.741360,271.741360,HKD,,wind_excel_sheet,2026-05-24T02:32:31Z
2026-03-12,minimax,0100.HK,339.980670,339.980670,HKD,,wind_excel_sheet,2026-05-24T02:32:31Z
2026-03-12,zhipu,2513.HK,247.665840,247.665840,HKD,,wind_excel_sheet,2026-05-24T02:32:31Z
2026-03-13,minimax,0100.HK,316.771660,316.771660,HKD,,wind_excel_sheet,2026-05-24T02:32:31Z
2026-03-13,zhipu,2513.HK,236.296840,236.296840,HKD,,wind_excel_sheet,2026-05-24T02:32:31Z
2026-03-16,minimax,0100.HK,322.103460,322.103460,HKD,,wind_excel_sheet,2026-05-24T02:32:31Z
2026-03-16,zhipu,2513.HK,269.735070,269.735070,HKD,,wind_excel_sheet,2026-05-24T02:32:31Z
2026-03-17,minimax,0100.HK,323.985270,323.985270,HKD,,wind_excel_sheet,2026-05-24T02:32:31Z
2026-03-17,zhipu,2513.HK,277.091480,277.091480,HKD,,wind_excel_sheet,2026-05-24T02:32:31Z
2026-03-18,minimax,0100.HK,388.280510,388.280510,HKD,,wind_excel_sheet,2026-05-24T02:32:31Z
2026-03-18,zhipu,2513.HK,331.038490,331.038490,HKD,,wind_excel_sheet,2026-05-24T02:32:31Z
2026-03-19,minimax,0100.HK,334.335240,334.335240,HKD,,wind_excel_sheet,2026-05-24T02:32:31Z
2026-03-19,zhipu,2513.HK,293.810600,293.810600,HKD,,wind_excel_sheet,2026-05-24T02:32:31Z
2026-03-20,minimax,0100.HK,316.458030,316.458030,HKD,,wind_excel_sheet,2026-05-24T02:32:31Z
2026-03-20,zhipu,2513.HK,281.104070,281.104070,HKD,,wind_excel_sheet,2026-05-24T02:32:31Z
2026-03-23,minimax,0100.HK,287.446760,287.446760,HKD,,wind_excel_sheet,2026-05-24T02:32:31Z
2026-03-23,zhipu,2513.HK,263.047420,263.047420,HKD,,wind_excel_sheet,2026-05-24T02:32:31Z
2026-03-24,minimax,0100.HK,323.044370,323.044370,HKD,,wind_excel_sheet,2026-05-24T02:32:31Z
2026-03-24,zhipu,2513.HK,292.027220,292.027220,HKD,,wind_excel_sheet,2026-05-24T02:32:31Z
2026-03-25,minimax,0100.HK,338.412500,338.412500,HKD,,wind_excel_sheet,2026-05-24T02:32:31Z
2026-03-25,zhipu,2513.HK,338.840750,338.840750,HKD,,wind_excel_sheet,2026-05-24T02:32:31Z
2026-03-26,minimax,0100.HK,309.244410,309.244410,HKD,,wind_excel_sheet,2026-05-24T02:32:31Z
2026-03-26,zhipu,2513.HK,304.956670,304.956670,HKD,,wind_excel_sheet,2026-05-24T02:32:31Z
2026-03-27,minimax,0100.HK,310.498950,310.498950,HKD,,wind_excel_sheet,2026-05-24T02:32:31Z
2026-03-27,zhipu,2513.HK,297.823180,297.823180,HKD,,wind_excel_sheet,2026-05-24T02:32:31Z
2026-03-30,minimax,0100.HK,318.026200,318.026200,HKD,,wind_excel_sheet,2026-05-24T02:32:31Z
2026-03-30,zhipu,2513.HK,327.025910,327.025910,HKD,,wind_excel_sheet,2026-05-24T02:32:31Z
2026-03-31,minimax,0100.HK,291.524020,291.524020,HKD,,wind_excel_sheet,2026-05-24T02:32:31Z
2026-03-31,zhipu,2513.HK,309.192180,309.192180,HKD,,wind_excel_sheet,2026-05-24T02:32:31Z
2026-04-01,minimax,0100.HK,332.453430,332.453430,HKD,,wind_excel_sheet,2026-05-24T02:32:31Z
2026-04-01,zhipu,2513.HK,407.946430,407.946430,HKD,,wind_excel_sheet,2026-05-24T02:32:31Z
2026-04-02,minimax,0100.HK,297.796720,297.796720,HKD,,wind_excel_sheet,2026-05-24T02:32:31Z
2026-04-02,zhipu,2513.HK,347.311770,347.311770,HKD,,wind_excel_sheet,2026-05-24T02:32:31Z
2026-04-08,minimax,0100.HK,313.321670,313.321670,HKD,,wind_excel_sheet,2026-05-24T02:32:31Z
2026-04-08,zhipu,2513.HK,387.214720,387.214720,HKD,,wind_excel_sheet,2026-05-24T02:32:31Z
2026-04-09,minimax,0100.HK,313.008040,313.008040,HKD,,wind_excel_sheet,2026-05-24T02:32:31Z
2026-04-09,zhipu,2513.HK,414.411150,414.411150,HKD,,wind_excel_sheet,2026-05-24T02:32:31Z
2026-04-10,minimax,0100.HK,313.008040,313.008040,HKD,,wind_excel_sheet,2026-05-24T02:32:31Z
2026-04-10,zhipu,2513.HK,417.309130,417.309130,HKD,,wind_excel_sheet,2026-05-24T02:32:31Z
2026-04-13,minimax,0100.HK,301.089900,301.089900,HKD,,wind_excel_sheet,2026-05-24T02:32:31Z
2026-04-13,zhipu,2513.HK,426.894760,426.894760,HKD,,wind_excel_sheet,2026-05-24T02:32:31Z
2026-04-14,minimax,0100.HK,298.267180,298.267180,HKD,,wind_excel_sheet,2026-05-24T02:32:31Z
2026-04-14,zhipu,2513.HK,422.659250,422.659250,HKD,,wind_excel_sheet,2026-05-24T02:32:31Z
2026-04-15,minimax,0100.HK,265.805920,265.805920,HKD,,wind_excel_sheet,2026-05-24T02:32:31Z
2026-04-15,zhipu,2513.HK,386.545960,386.545960,HKD,,wind_excel_sheet,2026-05-24T02:32:31Z
2026-04-16,minimax,0100.HK,282.428590,282.428590,HKD,,wind_excel_sheet,2026-05-24T02:32:31Z
2026-04-16,zhipu,2513.HK,393.679450,393.679450,HKD,,wind_excel_sheet,2026-05-24T02:32:31Z
2026-04-17,minimax,0100.HK,269.412730,269.412730,HKD,,wind_excel_sheet,2026-05-24T02:32:31Z
2026-04-17,zhipu,2513.HK,397.246190,397.246190,HKD,,wind_excel_sheet,2026-05-24T02:32:31Z
2026-04-20,minimax,0100.HK,285.878580,285.878580,HKD,,wind_excel_sheet,2026-05-24T02:32:31Z
2026-04-20,zhipu,2513.HK,434.697010,434.697010,HKD,,wind_excel_sheet,2026-05-24T02:32:31Z
2026-04-21,minimax,0100.HK,281.801320,281.801320,HKD,,wind_excel_sheet,2026-05-24T02:32:31Z
2026-04-21,zhipu,2513.HK,423.550940,423.550940,HKD,,wind_excel_sheet,2026-05-24T02:32:31Z
2026-04-22,minimax,0100.HK,291.053570,291.053570,HKD,,wind_excel_sheet,2026-05-24T02:32:31Z
2026-04-22,zhipu,2513.HK,439.601290,439.601290,HKD,,wind_excel_sheet,2026-05-24T02:32:31Z
2026-04-23,minimax,0100.HK,269.255910,269.255910,HKD,,wind_excel_sheet,2026-05-24T02:32:31Z
2026-04-23,zhipu,2513.HK,458.326700,458.326700,HKD,,wind_excel_sheet,2026-05-24T02:32:31Z
2026-04-24,minimax,0100.HK,243.851450,243.851450,HKD,,wind_excel_sheet,2026-05-24T02:32:31Z
2026-04-24,zhipu,2513.HK,416.863290,416.863290,HKD,,wind_excel_sheet,2026-05-24T02:32:31Z
2026-04-27,minimax,0100.HK,235.226480,235.226480,HKD,,wind_excel_sheet,2026-05-24T02:32:31Z
2026-04-27,zhipu,2513.HK,407.723510,407.723510,HKD,,wind_excel_sheet,2026-05-24T02:32:31Z
2026-04-28,minimax,0100.HK,226.915150,226.915150,HKD,,wind_excel_sheet,2026-05-24T02:32:31Z
2026-04-28,zhipu,2513.HK,356.674470,356.674470,HKD,,wind_excel_sheet,2026-05-24T02:32:31Z
2026-04-29,minimax,0100.HK,222.053800,222.053800,HKD,,wind_excel_sheet,2026-05-24T02:32:31Z
2026-04-29,zhipu,2513.HK,364.030880,364.030880,HKD,,wind_excel_sheet,2026-05-24T02:32:31Z
2026-04-30,minimax,0100.HK,223.621970,223.621970,HKD,,wind_excel_sheet,2026-05-24T02:32:31Z
2026-04-30,zhipu,2513.HK,386.991800,386.991800,HKD,,wind_excel_sheet,2026-05-24T02:32:31Z
2026-05-04,minimax,0100.HK,251.849150,251.849150,HKD,,wind_excel_sheet,2026-05-24T02:32:31Z
2026-05-04,zhipu,2513.HK,426.671840,426.671840,HKD,,wind_excel_sheet,2026-05-24T02:32:31Z
2026-05-05,minimax,0100.HK,245.419630,245.419630,HKD,,wind_excel_sheet,2026-05-24T02:32:31Z
2026-05-05,zhipu,2513.HK,409.952720,409.952720,HKD,,wind_excel_sheet,2026-05-24T02:32:31Z
2026-05-06,minimax,0100.HK,251.692330,251.692330,HKD,,wind_excel_sheet,2026-05-24T02:32:31Z
2026-05-06,zhipu,2513.HK,413.965310,413.965310,HKD,,wind_excel_sheet,2026-05-24T02:32:31Z
2026-05-07,minimax,0100.HK,257.337770,257.337770,HKD,,wind_excel_sheet,2026-05-24T02:32:31Z
2026-05-07,zhipu,2513.HK,434.697010,434.697010,HKD,,wind_excel_sheet,2026-05-24T02:32:31Z
2026-05-08,minimax,0100.HK,232.874220,232.874220,HKD,,wind_excel_sheet,2026-05-24T02:32:31Z
2026-05-08,zhipu,2513.HK,411.513170,411.513170,HKD,,wind_excel_sheet,2026-05-24T02:32:31Z
2026-05-11,minimax,0100.HK,231.149220,231.149220,HKD,,wind_excel_sheet,2026-05-24T02:32:31Z
2026-05-11,zhipu,2513.HK,400.812940,400.812940,HKD,,wind_excel_sheet,2026-05-24T02:32:31Z
2026-05-12,minimax,0100.HK,216.565180,216.565180,HKD,,wind_excel_sheet,2026-05-24T02:32:31Z
2026-05-12,zhipu,2513.HK,374.508200,374.508200,HKD,,wind_excel_sheet,2026-05-24T02:32:31Z
2026-05-13,minimax,0100.HK,256.553680,256.553680,HKD,,wind_excel_sheet,2026-05-24T02:32:31Z
2026-05-13,zhipu,2513.HK,512.719550,512.719550,HKD,,wind_excel_sheet,2026-05-24T02:32:31Z
2026-05-14,minimax,0100.HK,266.590010,266.590010,HKD,,wind_excel_sheet,2026-05-24T02:32:31Z
2026-05-14,zhipu,2513.HK,485.968970,485.968970,HKD,,wind_excel_sheet,2026-05-24T02:32:31Z
2026-05-15,minimax,0100.HK,249.026430,249.026430,HKD,,wind_excel_sheet,2026-05-24T02:32:31Z
2026-05-15,zhipu,2513.HK,463.676810,463.676810,HKD,,wind_excel_sheet,2026-05-24T02:32:31Z
2026-05-18,minimax,0100.HK,250.908250,250.908250,HKD,,wind_excel_sheet,2026-05-24T02:32:31Z
2026-05-18,zhipu,2513.HK,506.923590,506.923590,HKD,,wind_excel_sheet,2026-05-24T02:32:31Z
2026-05-19,minimax,0100.HK,232.874220,232.874220,HKD,,wind_excel_sheet,2026-05-24T02:32:31Z
2026-05-19,zhipu,2513.HK,459.218380,459.218380,HKD,,wind_excel_sheet,2026-05-24T02:32:31Z
2026-05-20,minimax,0100.HK,215.467460,215.467460,HKD,,wind_excel_sheet,2026-05-24T02:32:31Z
2026-05-20,zhipu,2513.HK,471.701990,471.701990,HKD,,wind_excel_sheet,2026-05-24T02:32:31Z
2026-05-21,minimax,0100.HK,207.940210,207.940210,HKD,,wind_excel_sheet,2026-05-24T02:32:31Z
2026-05-21,zhipu,2513.HK,450.301520,450.301520,HKD,,wind_excel_sheet,2026-05-24T02:32:31Z
